zip,population_acs_2022,pop_10000_2022
60002,"24,398",2.4398
60004,"52,189",5.2189
60005,"29,216",2.9216
60007,"32,768",3.2768
60008,"22,863",2.2863
60010,"46,674",4.6674
60012,"11,736",1.1736
60013,"26,266",2.6266
60014,"48,568",4.8568
60015,"27,835",2.7835
60016,"61,988",6.1988
60018,"28,820",2.882
60020,"11,051",1.1051
60021,"5,199",0.5199
60022,"8,529",0.8529
60025,"40,858",4.0858
60026,"14,743",1.4743
60029,546,0.0546
60030,"35,978",3.5978
60031,"37,202",3.7202
60033,"13,574",1.3574
60034,"2,061",0.2061
60035,"30,215",3.0215
60040,"5,227",0.5227
60041,"8,843",0.8843
60042,"8,589",0.8589
60043,"2,537",0.2537
60044,"10,271",1.0271
60045,"21,159",2.1159
60046,"34,854",3.4854
60047,"43,750",4.375
60048,"29,452",2.9452
60050,"31,820",3.182
60051,"23,598",2.3598
60053,"24,910",2.491
60056,"56,651",5.6651
60060,"37,131",3.7131
60061,"27,602",2.7602
60062,"42,004",4.2004
60064,"15,380",1.538
60067,"38,380",3.838
60068,"39,332",3.9332
60069,"8,602",0.8602
60070,"15,721",1.5721
60071,"3,938",0.3938
60072,959,0.0959
60073,"62,071",6.2071
60074,"37,222",3.7222
60075,0,0
60076,"33,170",3.317
60077,"29,330",2.933
60081,"9,194",0.9194
60083,"9,699",0.9699
60084,"17,301",1.7301
60085,"71,465",7.1465
60087,"27,815",2.7815
60088,"14,143",1.4143
60089,"42,867",4.2867
60090,"38,753",3.8753
60091,"27,591",2.7591
60093,"20,272",2.0272
60096,"6,655",0.6655
60097,"11,865",1.1865
60098,"33,116",3.3116
60099,"31,523",3.1523
60101,"37,175",3.7175
60102,"32,227",3.2227
60103,"42,047",4.2047
60104,"18,621",1.8621
60106,"20,321",2.0321
60107,"39,450",3.945
60108,"23,647",2.3647
60109,434,0.0434
60110,"39,383",3.9383
60111,153,0.0153
60112,"4,783",0.4783
60113,245,0.0245
60115,"42,456",4.2456
60118,"15,623",1.5623
60119,"10,872",1.0872
60120,"50,589",5.0589
60123,"49,537",4.9537
60124,"24,172",2.4172
60126,"48,032",4.8032
60129,224,0.0224
60130,"14,165",1.4165
60131,"18,258",1.8258
60133,"37,222",3.7222
60134,"30,938",3.0938
60135,"7,021",0.7021
60136,"8,481",0.8481
60137,"38,945",3.8945
60139,"33,161",3.3161
60140,"21,287",2.1287
60141,280,0.028
60142,"29,449",2.9449
60143,"11,645",1.1645
60144,83,0.0083
60145,"2,539",0.2539
60146,"2,193",0.2193
60148,"52,598",5.2598
60150,"2,007",0.2007
60151,"3,944",0.3944
60152,"12,264",1.2264
60153,"23,385",2.3385
60154,"16,694",1.6694
60155,"7,965",0.7965
60156,"28,958",2.8958
60157,"2,550",0.255
60160,"25,177",2.5177
60162,"8,213",0.8213
60163,"5,273",0.5273
60164,"21,371",2.1371
60165,"4,566",0.4566
60169,"33,910",3.391
60171,"10,532",1.0532
60172,"24,016",2.4016
60173,"14,067",1.4067
60174,"30,799",3.0799
60175,"25,957",2.5957
60176,"11,600",1.16
60177,"23,931",2.3931
60178,"21,996",2.1996
60180,"1,721",0.1721
60181,"30,973",3.0973
60183,0,0
60184,"2,220",0.222
60185,"34,049",3.4049
60187,"29,258",2.9258
60188,"42,219",4.2219
60189,"31,036",3.1036
60190,"11,652",1.1652
60191,"14,193",1.4193
60192,"16,536",1.6536
60193,"39,451",3.9451
60194,"20,312",2.0312
60195,"5,018",0.5018
60201,"43,122",4.3122
60202,"33,868",3.3868
60203,"4,540",0.454
60208,191,0.0191
60301,"3,207",0.3207
60302,"33,063",3.3063
60304,"17,564",1.7564
60305,"11,568",1.1568
60401,"7,833",0.7833
60402,"64,659",6.4659
60403,"17,225",1.7225
60404,"19,668",1.9668
60406,"24,959",2.4959
60407,"1,581",0.1581
60408,"5,307",0.5307
60409,"35,708",3.5708
60410,"13,970",1.397
60411,"53,222",5.3222
60415,"14,284",1.4284
60416,"9,372",0.9372
60417,"15,390",1.539
60418,"10,733",1.0733
60419,"21,283",2.1283
60420,"4,746",0.4746
60421,"3,850",0.385
60422,"9,735",0.9735
60423,"32,596",3.2596
60424,"2,309",0.2309
60425,"8,623",0.8623
60426,"23,213",2.3213
60428,"11,155",1.1155
60429,"15,069",1.5069
60430,"20,430",2.043
60431,"27,357",2.7357
60432,"20,483",2.0483
60433,"15,485",1.5485
60435,"48,574",4.8574
60436,"18,452",1.8452
60437,88,0.0088
60438,"29,059",2.9059
60439,"24,670",2.467
60440,"51,412",5.1412
60441,"37,046",3.7046
60442,"13,135",1.3135
60443,"20,735",2.0735
60444,"1,928",0.1928
60445,"14,632",1.4632
60446,"41,253",4.1253
60447,"15,662",1.5662
60448,"24,626",2.4626
60449,"9,564",0.9564
60450,"20,729",2.0729
60451,"37,488",3.7488
60452,"26,939",2.6939
60453,"57,665",5.7665
60455,"17,204",1.7204
60456,"4,299",0.4299
60457,"14,650",1.465
60458,"14,360",1.436
60459,"29,122",2.9122
60460,"1,319",0.1319
60461,"4,988",0.4988
60462,"40,942",4.0942
60463,"13,687",1.3687
60464,"9,779",0.9779
60465,"18,278",1.8278
60466,"21,243",2.1243
60467,"25,161",2.5161
60468,"5,782",0.5782
60469,"5,423",0.5423
60470,387,0.0387
60471,"13,237",1.3237
60472,"4,812",0.4812
60473,"21,695",2.1695
60474,684,0.0684
60475,"10,185",1.0185
60476,"2,169",0.2169
60477,"36,543",3.6543
60478,"16,591",1.6591
60479,676,0.0676
60480,"5,300",0.53
60481,"11,303",1.1303
60482,"11,084",1.1084
60484,"6,633",0.6633
60487,"26,198",2.6198
60490,"22,343",2.2343
60491,"22,779",2.2779
60501,"11,655",1.1655
60502,"23,056",2.3056
60503,"16,660",1.666
60504,"39,128",3.9128
60505,"59,466",5.9466
60506,"50,300",5.03
60510,"28,393",2.8393
60511,"1,756",0.1756
60512,880,0.088
60513,"19,366",1.9366
60514,"9,691",0.9691
60515,"29,112",2.9112
60516,"28,617",2.8617
60517,"33,282",3.3282
60518,"3,514",0.3514
60519,70,0.007
60520,"2,927",0.2927
60521,"18,102",1.8102
60523,"10,179",1.0179
60525,"31,647",3.1647
60526,"13,468",1.3468
60527,"28,983",2.8983
60530,901,0.0901
60531,"2,269",0.2269
60532,"29,135",2.9135
60534,"10,670",1.067
60536,88,0.0088
60537,551,0.0551
60538,"30,101",3.0101
60539,246,0.0246
60540,"42,756",4.2756
60541,"3,447",0.3447
60542,"18,105",1.8105
60543,"40,714",4.0714
60544,"28,073",2.8073
60545,"13,704",1.3704
60546,"16,470",1.647
60548,"12,040",1.204
60549,691,0.0691
60550,"1,177",0.1177
60551,"4,850",0.485
60552,"4,538",0.4538
60553,666,0.0666
60554,"12,029",1.2029
60555,"14,436",1.4436
60556,"2,216",0.2216
60557,218,0.0218
60558,"13,557",1.3557
60559,"24,411",2.4411
60560,"26,932",2.6932
60561,"22,997",2.2997
60563,"38,702",3.8702
60564,"46,832",4.6832
60565,"38,942",3.8942
60585,"24,754",2.4754
60586,"48,029",4.8029
60601,"16,398",1.6398
60602,938,0.0938
60603,"1,110",0.111
60604,737,0.0737
60605,"34,314",3.4314
60606,"3,513",0.3513
60607,"28,797",2.8797
60608,"82,749",8.2749
60609,"63,241",6.3241
60610,"42,904",4.2904
60611,"35,247",3.5247
60612,"34,459",3.4459
60613,"51,961",5.1961
60614,"71,701",7.1701
60615,"42,780",4.278
60616,"52,707",5.2707
60617,"83,188",8.3188
60618,"92,235",9.2235
60619,"60,443",6.0443
60620,"68,330",6.833
60621,"26,997",2.6997
60622,"53,944",5.3944
60623,"76,611",7.6611
60624,"35,664",3.5664
60625,"80,296",8.0296
60626,"50,135",5.0135
60628,"61,419",6.1419
60629,"108,997",10.8997
60630,"55,295",5.5295
60631,"30,418",3.0418
60632,"86,372",8.6372
60633,"12,440",1.244
60634,"75,873",7.5873
60636,"29,833",2.9833
60637,"51,145",5.1145
60638,"57,799",5.7799
60639,"85,248",8.5248
60640,"67,317",6.7317
60641,"68,968",6.8968
60642,"21,444",2.1444
60643,"48,270",4.827
60644,"49,445",4.9445
60645,"48,692",4.8692
60646,"28,770",2.877
60647,"85,685",8.5685
60649,"50,143",5.0143
60651,"65,229",6.5229
60652,"42,223",4.2223
60653,"34,364",3.4364
60654,"23,475",2.3475
60655,"28,000",2.8
60656,"29,180",2.918
60657,"71,192",7.1192
60659,"42,621",4.2621
60660,"42,895",4.2895
60661,"11,513",1.1513
60706,"24,233",2.4233
60707,"40,845",4.0845
60712,"13,268",1.3268
60714,"30,857",3.0857
60803,"22,198",2.2198
60804,"84,189",8.4189
60805,"19,730",1.973
60827,"25,538",2.5538
60901,"33,968",3.3968
60910,581,0.0581
60911,"1,206",0.1206
60912,565,0.0565
60913,"1,457",0.1457
60914,"28,443",2.8443
60915,"10,081",1.0081
60917,407,0.0407
60918,622,0.0622
60919,517,0.0517
60920,204,0.0204
60921,"1,523",0.1523
60922,"2,557",0.2557
60924,"1,590",0.159
60926,76,0.0076
60927,"2,233",0.2233
60928,559,0.0559
60929,624,0.0624
60930,768,0.0768
60931,594,0.0594
60932,397,0.0397
60933,300,0.03
60934,208,0.0208
60935,"1,235",0.1235
60936,"4,230",0.423
60938,"1,718",0.1718
60939,0,0
60940,"3,399",0.3399
60941,"1,639",0.1639
60942,"5,717",0.5717
60945,242,0.0242
60946,401,0.0401
60948,"1,741",0.1741
60949,517,0.0517
60950,"12,081",1.2081
60951,759,0.0759
60952,653,0.0653
60953,"2,444",0.2444
60954,"5,612",0.5612
60955,"1,877",0.1877
60956,122,0.0122
60957,"5,642",0.5642
60958,"1,476",0.1476
60959,938,0.0938
60960,872,0.0872
60961,898,0.0898
60962,637,0.0637
60963,"1,506",0.1506
60964,"4,887",0.4887
60966,"1,600",0.16
60967,0,0
60968,516,0.0516
60969,60,0.006
60970,"6,025",0.6025
60973,406,0.0406
60974,310,0.031
61001,"1,289",0.1289
61006,"1,460",0.146
61007,325,0.0325
61008,"34,227",3.4227
61010,"7,399",0.7399
61011,"2,681",0.2681
61012,"2,424",0.2424
61013,621,0.0621
61014,"1,064",0.1064
61015,903,0.0903
61016,"5,185",0.5185
61018,953,0.0953
61019,"3,256",0.3256
61020,"3,170",0.317
61021,"22,593",2.2593
61024,"2,524",0.2524
61025,"4,465",0.4465
61027,102,0.0102
61028,"1,639",0.1639
61030,"2,292",0.2292
61031,"1,745",0.1745
61032,"29,359",2.9359
61036,"6,796",0.6796
61037,105,0.0105
61038,"1,233",0.1233
61039,829,0.0829
61041,"1,436",0.1436
61042,428,0.0428
61043,159,0.0159
61044,235,0.0235
61046,"2,659",0.2659
61047,"1,626",0.1626
61048,"3,851",0.3851
61049,644,0.0644
61050,357,0.0357
61051,"1,549",0.1549
61052,"1,038",0.1038
61053,"2,839",0.2839
61054,"3,633",0.3633
61057,67,0.0067
61059,176,0.0176
61060,"1,482",0.1482
61061,"6,880",0.688
61062,"2,015",0.2015
61063,"4,144",0.4144
61064,"3,898",0.3898
61065,"10,681",1.0681
61067,604,0.0604
61068,"14,862",1.4862
61070,"1,389",0.1389
61071,"13,766",1.3766
61072,"11,077",1.1077
61073,"20,567",2.0567
61074,"4,093",0.4093
61075,"1,026",0.1026
61077,118,0.0118
61078,"1,255",0.1255
61079,213,0.0213
61080,"10,780",1.078
61081,"21,138",2.1138
61084,"3,118",0.3118
61085,"2,923",0.2923
61087,"1,755",0.1755
61088,"6,094",0.6094
61089,575,0.0575
61091,0,0
61101,"20,481",2.0481
61102,"16,875",1.6875
61103,"23,441",2.3441
61104,"18,306",1.8306
61107,"29,386",2.9386
61108,"29,673",2.9673
61109,"26,382",2.6382
61111,"22,756",2.2756
61112,113,0.0113
61114,"15,017",1.5017
61115,"22,542",2.2542
61201,"37,838",3.7838
61230,932,0.0932
61231,"5,158",0.5158
61232,"1,506",0.1506
61233,253,0.0253
61234,"1,073",0.1073
61235,"1,464",0.1464
61236,65,0.0065
61237,0,0
61238,"2,985",0.2985
61239,"1,174",0.1174
61240,"5,880",0.588
61241,"6,775",0.6775
61242,"1,136",0.1136
61243,277,0.0277
61244,"23,239",2.3239
61250,"2,713",0.2713
61251,382,0.0382
61252,"5,424",0.5424
61254,"12,103",1.2103
61256,"2,063",0.2063
61257,836,0.0836
61258,188,0.0188
61259,"1,379",0.1379
61260,595,0.0595
61261,644,0.0644
61262,734,0.0734
61263,808,0.0808
61264,"9,927",0.9927
61265,"44,006",4.4006
61270,"7,096",0.7096
61272,"1,357",0.1357
61273,"3,175",0.3175
61274,269,0.0269
61275,"4,393",0.4393
61276,77,0.0077
61277,"2,978",0.2978
61278,657,0.0657
61279,944,0.0944
61281,"2,553",0.2553
61282,"8,234",0.8234
61283,"1,422",0.1422
61284,"1,745",0.1745
61285,"2,661",0.2661
61301,"10,380",1.038
61310,"3,556",0.3556
61311,217,0.0217
61312,433,0.0433
61313,232,0.0232
61314,889,0.0889
61315,248,0.0248
61316,196,0.0196
61317,460,0.046
61318,620,0.062
61319,"1,297",0.1297
61320,675,0.0675
61321,312,0.0312
61322,"1,481",0.1481
61323,105,0.0105
61324,85,0.0085
61325,"1,028",0.1028
61326,"2,083",0.2083
61327,"1,385",0.1385
61328,78,0.0078
61329,"1,314",0.1314
61330,"1,222",0.1222
61331,0,0
61332,139,0.0139
61333,270,0.027
61334,604,0.0604
61335,362,0.0362
61336,484,0.0484
61337,500,0.05
61338,238,0.0238
61340,480,0.048
61341,"7,196",0.7196
61342,"8,389",0.8389
61344,262,0.0262
61345,701,0.0701
61346,47,0.0047
61348,"4,501",0.4501
61349,"1,054",0.1054
61350,"24,385",2.4385
61353,"1,238",0.1238
61354,"10,422",1.0422
61356,"10,959",1.0959
61358,374,0.0374
61359,431,0.0431
61360,"3,379",0.3379
61361,"1,351",0.1351
61362,"5,855",0.5855
61363,300,0.03
61364,"18,245",1.8245
61367,902,0.0902
61368,"1,314",0.1314
61369,"1,393",0.1393
61370,"1,168",0.1168
61371,85,0.0085
61372,269,0.0269
61373,"2,117",0.2117
61374,46,0.0046
61375,"1,163",0.1163
61376,"1,960",0.196
61377,"1,469",0.1469
61378,493,0.0493
61379,"1,224",0.1224
61401,"30,809",3.0809
61402,"1,748",0.1748
61410,"3,730",0.373
61411,346,0.0346
61412,"1,154",0.1154
61413,"1,012",0.1012
61414,794,0.0794
61415,"1,684",0.1684
61416,247,0.0247
61417,237,0.0237
61418,658,0.0658
61419,151,0.0151
61420,"1,002",0.1002
61421,"1,407",0.1407
61422,"3,042",0.3042
61423,497,0.0497
61424,34,0.0034
61425,392,0.0392
61426,105,0.0105
61427,"2,095",0.2095
61428,"1,162",0.1162
61430,618,0.0618
61431,315,0.0315
61432,686,0.0686
61433,22,0.0022
61434,"2,986",0.2986
61435,155,0.0155
61436,787,0.0787
61437,664,0.0664
61438,691,0.0691
61439,250,0.025
61440,774,0.0774
61441,815,0.0815
61442,678,0.0678
61443,"13,584",1.3584
61447,"1,133",0.1133
61448,"4,076",0.4076
61449,229,0.0229
61450,"1,756",0.1756
61451,225,0.0225
61452,146,0.0146
61453,691,0.0691
61454,505,0.0505
61455,"17,653",1.7653
61458,464,0.0464
61459,348,0.0348
61460,179,0.0179
61462,"10,855",1.0855
61465,"1,250",0.125
61466,267,0.0267
61467,"1,244",0.1244
61468,190,0.019
61469,"1,926",0.1926
61470,505,0.0505
61471,136,0.0136
61472,387,0.0387
61473,"1,307",0.1307
61474,285,0.0285
61475,192,0.0192
61476,605,0.0605
61477,499,0.0499
61478,383,0.0383
61479,24,0.0024
61480,"1,352",0.1352
61482,520,0.052
61483,"1,861",0.1861
61484,737,0.0737
61485,387,0.0387
61486,"1,450",0.145
61488,"1,284",0.1284
61489,841,0.0841
61490,"1,103",0.1103
61491,"2,276",0.2276
61501,"1,646",0.1646
61516,754,0.0754
61517,"3,196",0.3196
61519,249,0.0249
61520,"16,176",1.6176
61523,"10,356",1.0356
61524,358,0.0358
61525,"11,543",1.1543
61526,808,0.0808
61528,"3,435",0.3435
61529,"2,730",0.273
61530,"6,614",0.6614
61531,"3,144",0.3144
61532,410,0.041
61533,"2,363",0.2363
61534,"2,057",0.2057
61535,"2,163",0.2163
61536,"3,207",0.3207
61537,"2,727",0.2727
61539,150,0.015
61540,"2,771",0.2771
61541,99,0.0099
61542,"3,407",0.3407
61543,111,0.0111
61544,872,0.0872
61545,766,0.0766
61546,"3,791",0.3791
61547,"3,835",0.3835
61548,"12,301",1.2301
61550,"18,483",1.8483
61552,220,0.022
61553,259,0.0259
61554,"40,775",4.0775
61559,"3,845",0.3845
61560,586,0.0586
61561,"2,500",0.25
61562,92,0.0092
61563,556,0.0556
61564,"1,053",0.1053
61565,"1,433",0.1433
61567,500,0.05
61568,"4,606",0.4606
61569,"1,010",0.101
61570,"1,663",0.1663
61571,"24,712",2.4712
61572,"1,029",0.1029
61602,862,0.0862
61603,"15,789",1.5789
61604,"28,220",2.822
61605,"13,776",1.3776
61606,"7,232",0.7232
61607,"10,522",1.0522
61610,"4,695",0.4695
61611,"23,447",2.3447
61614,"28,399",2.8399
61615,"23,167",2.3167
61616,"5,890",0.589
61625,438,0.0438
61701,"35,480",3.548
61704,"37,517",3.7517
61705,"12,746",1.2746
61720,319,0.0319
61721,573,0.0573
61722,701,0.0701
61723,"2,498",0.2498
61724,439,0.0439
61725,"1,644",0.1644
61726,"2,508",0.2508
61727,"9,421",0.9421
61728,"1,301",0.1301
61729,"1,184",0.1184
61730,369,0.0369
61731,145,0.0145
61732,"2,017",0.2017
61733,870,0.087
61734,"2,520",0.252
61735,363,0.0363
61736,"2,578",0.2578
61737,444,0.0444
61738,"4,186",0.4186
61739,"4,635",0.4635
61740,"1,556",0.1556
61741,"1,635",0.1635
61742,"1,390",0.139
61743,165,0.0165
61744,"1,506",0.1506
61745,"4,507",0.4507
61747,"1,452",0.1452
61748,"2,732",0.2732
61749,491,0.0491
61750,129,0.0129
61751,60,0.006
61752,"4,461",0.4461
61753,"3,279",0.3279
61754,"1,107",0.1107
61755,"4,530",0.453
61756,"2,564",0.2564
61759,"1,350",0.135
61760,"2,257",0.2257
61761,"53,423",5.3423
61764,"13,688",1.3688
61769,673,0.0673
61770,"1,146",0.1146
61771,986,0.0986
61772,252,0.0252
61773,352,0.0352
61774,836,0.0836
61775,240,0.024
61776,"1,321",0.1321
61777,"1,049",0.1049
61778,591,0.0591
61801,"27,965",2.7965
61802,"19,722",1.9722
61810,183,0.0183
61811,595,0.0595
61812,288,0.0288
61813,"1,665",0.1665
61814,"1,287",0.1287
61815,298,0.0298
61816,442,0.0442
61817,"2,471",0.2471
61818,"1,579",0.1579
61820,"38,128",3.8128
61821,"29,072",2.9072
61822,"27,929",2.7929
61830,422,0.0422
61831,139,0.0139
61832,"32,631",3.2631
61833,"1,831",0.1831
61834,"8,281",0.8281
61839,589,0.0589
61840,530,0.053
61841,"1,057",0.1057
61842,"2,434",0.2434
61843,"2,138",0.2138
61844,810,0.081
61845,251,0.0251
61846,"4,666",0.4666
61847,"1,194",0.1194
61848,263,0.0263
61849,"1,955",0.1955
61850,466,0.0466
61851,296,0.0296
61852,138,0.0138
61853,"14,288",1.4288
61854,"1,409",0.1409
61855,103,0.0103
61856,"8,315",0.8315
61857,146,0.0146
61858,"2,797",0.2797
61859,"1,244",0.1244
61862,694,0.0694
61863,821,0.0821
61864,"1,754",0.1754
61865,"1,395",0.1395
61866,"13,442",1.3442
61870,"1,230",0.123
61871,343,0.0343
61872,543,0.0543
61873,"5,811",0.5811
61874,"8,653",0.8653
61875,"1,196",0.1196
61876,833,0.0833
61877,"1,185",0.1185
61878,"1,217",0.1217
61880,"4,570",0.457
61882,632,0.0632
61883,"4,412",0.4412
61884,"1,081",0.1081
61910,"4,947",0.4947
61911,"4,647",0.4647
61912,"1,173",0.1173
61913,"1,229",0.1229
61914,"1,783",0.1783
61917,493,0.0493
61919,776,0.0776
61920,"20,923",2.0923
61924,"2,317",0.2317
61925,"1,054",0.1054
61928,643,0.0643
61929,639,0.0639
61930,749,0.0749
61931,"1,336",0.1336
61932,542,0.0542
61933,"1,114",0.1114
61936,286,0.0286
61937,"1,663",0.1663
61938,"20,965",2.0965
61940,294,0.0294
61941,196,0.0196
61942,972,0.0972
61943,"1,430",0.143
61944,"11,562",1.1562
61949,152,0.0152
61951,"7,777",0.7777
61953,"6,305",0.6305
61955,193,0.0193
61956,"2,931",0.2931
61957,"1,778",0.1778
62001,"1,766",0.1766
62002,"30,166",3.0166
62006,485,0.0485
62009,"1,713",0.1713
62010,"11,133",1.1133
62011,273,0.0273
62012,"6,678",0.6678
62013,527,0.0527
62014,"3,749",0.3749
62015,592,0.0592
62016,"3,519",0.3519
62017,943,0.0943
62018,"2,954",0.2954
62019,317,0.0317
62021,925,0.0925
62022,978,0.0978
62023,150,0.015
62024,"9,350",0.935
62025,"35,947",3.5947
62026,"1,054",0.1054
62027,519,0.0519
62028,"1,070",0.107
62030,75,0.0075
62031,717,0.0717
62032,754,0.0754
62033,"4,628",0.4628
62034,"14,497",1.4497
62035,"16,172",1.6172
62036,548,0.0548
62037,"1,542",0.1542
62040,"40,716",4.0716
62044,"2,256",0.2256
62045,520,0.052
62046,919,0.0919
62047,"1,760",0.176
62048,"1,626",0.1626
62049,"8,195",0.8195
62050,278,0.0278
62051,793,0.0793
62052,"12,625",1.2625
62053,332,0.0332
62054,367,0.0367
62056,"8,758",0.8758
62058,770,0.077
62059,629,0.0629
62060,"3,534",0.3534
62061,"1,672",0.1672
62062,"8,461",0.8461
62063,977,0.0977
62067,"2,106",0.2106
62069,"3,230",0.323
62074,"1,213",0.1213
62075,"3,168",0.3168
62076,73,0.0073
62077,317,0.0317
62078,102,0.0102
62079,469,0.0469
62080,"2,688",0.2688
62081,359,0.0359
62082,"2,547",0.2547
62083,157,0.0157
62084,"1,601",0.1601
62085,167,0.0167
62086,"1,213",0.1213
62087,"2,121",0.2121
62088,"6,439",0.6439
62089,528,0.0528
62090,"1,053",0.1053
62091,325,0.0325
62092,"2,422",0.2422
62093,500,0.05
62094,"1,048",0.1048
62095,"10,801",1.0801
62097,"2,723",0.2723
62098,32,0.0032
62201,"5,166",0.5166
62203,"6,076",0.6076
62204,"5,908",0.5908
62205,"5,754",0.5754
62206,"13,477",1.3477
62207,"6,637",0.6637
62208,"16,690",1.669
62214,"1,050",0.105
62215,"2,074",0.2074
62216,"2,980",0.298
62217,718,0.0718
62218,"2,009",0.2009
62219,"1,046",0.1046
62220,"19,277",1.9277
62221,"29,454",2.9454
62223,"16,534",1.6534
62225,"5,359",0.5359
62226,"29,333",2.9333
62230,"6,352",0.6352
62231,"6,680",0.668
62232,"6,920",0.692
62233,"8,217",0.8217
62234,"32,491",3.2491
62236,"14,630",1.463
62237,"2,411",0.2411
62238,522,0.0522
62239,"4,076",0.4076
62240,"2,197",0.2197
62241,900,0.09
62242,"1,534",0.1534
62243,"6,271",0.6271
62244,933,0.0933
62245,"1,698",0.1698
62246,"10,117",1.0117
62248,540,0.054
62249,"16,649",1.6649
62250,652,0.0652
62253,717,0.0717
62254,"6,586",0.6586
62255,"1,030",0.103
62256,34,0.0034
62257,"1,897",0.1897
62258,"10,572",1.0572
62260,"6,461",0.6461
62261,12,0.0012
62262,"1,854",0.1854
62263,"5,109",0.5109
62264,"3,237",0.3237
62265,"4,418",0.4418
62266,13,0.0013
62268,"1,001",0.1001
62269,"35,467",3.5467
62271,"1,994",0.1994
62272,"1,898",0.1898
62273,259,0.0259
62274,"7,942",0.7942
62275,"3,004",0.3004
62277,"1,007",0.1007
62278,"6,692",0.6692
62279,70,0.007
62280,562,0.0562
62281,"2,811",0.2811
62282,646,0.0646
62284,745,0.0745
62285,"4,512",0.4512
62286,"5,372",0.5372
62288,"2,701",0.2701
62289,397,0.0397
62292,824,0.0824
62293,"4,392",0.4392
62294,"15,289",1.5289
62295,"1,449",0.1449
62297,338,0.0338
62298,"17,192",1.7192
62301,"30,944",3.0944
62305,"19,473",1.9473
62311,777,0.0777
62312,"1,933",0.1933
62313,330,0.033
62314,470,0.047
62316,876,0.0876
62319,240,0.024
62320,"2,557",0.2557
62321,"3,717",0.3717
62323,247,0.0247
62324,"1,398",0.1398
62325,471,0.0471
62326,"2,315",0.2315
62330,"1,472",0.1472
62334,166,0.0166
62336,94,0.0094
62338,"1,010",0.101
62339,"1,005",0.1005
62340,"1,700",0.17
62341,"3,453",0.3453
62343,761,0.0761
62344,20,0.002
62345,379,0.0379
62346,128,0.0128
62347,"1,999",0.1999
62348,219,0.0219
62349,680,0.068
62351,"1,934",0.1934
62352,215,0.0215
62353,"5,006",0.5006
62354,"1,435",0.1435
62355,"1,062",0.1062
62356,633,0.0633
62357,261,0.0261
62358,513,0.0513
62359,126,0.0126
62360,"1,898",0.1898
62361,330,0.033
62362,353,0.0353
62363,"5,195",0.5195
62365,406,0.0406
62366,"1,440",0.144
62367,"1,349",0.1349
62370,332,0.0332
62373,267,0.0267
62374,211,0.0211
62375,508,0.0508
62376,"1,106",0.1106
62378,814,0.0814
62379,"1,800",0.18
62380,452,0.0452
62401,"19,240",1.924
62410,"1,248",0.1248
62411,"4,070",0.407
62413,286,0.0286
62414,"1,644",0.1644
62417,"2,807",0.2807
62418,"2,076",0.2076
62419,258,0.0258
62420,"4,082",0.4082
62421,406,0.0406
62422,938,0.0938
62423,843,0.0843
62424,"2,475",0.2475
62425,843,0.0843
62426,890,0.089
62427,"1,948",0.1948
62428,"2,801",0.2801
62431,719,0.0719
62432,639,0.0639
62433,"1,150",0.115
62434,335,0.0335
62436,760,0.076
62438,211,0.0211
62439,"7,005",0.7005
62440,"1,055",0.1055
62441,"6,927",0.6927
62442,"2,540",0.254
62443,"1,849",0.1849
62444,407,0.0407
62445,"1,150",0.115
62446,353,0.0353
62447,"3,172",0.3172
62448,"5,411",0.5411
62449,"2,957",0.2957
62450,"12,327",1.2327
62451,"1,981",0.1981
62452,325,0.0325
62454,"10,604",1.0604
62458,"2,275",0.2275
62459,289,0.0289
62460,"1,171",0.1171
62461,652,0.0652
62462,"1,197",0.1197
62463,"1,160",0.116
62464,157,0.0157
62465,913,0.0913
62466,"4,171",0.4171
62467,"3,929",0.3929
62468,"2,369",0.2369
62469,388,0.0388
62471,"10,305",1.0305
62473,"1,143",0.1143
62474,624,0.0624
62475,289,0.0289
62476,"1,385",0.1385
62477,778,0.0778
62478,351,0.0351
62479,808,0.0808
62480,522,0.0522
62481,329,0.0329
62501,"2,242",0.2242
62510,"1,495",0.1495
62512,502,0.0502
62513,"1,485",0.1485
62514,380,0.038
62515,"1,059",0.1059
62517,238,0.0238
62518,181,0.0181
62519,46,0.0046
62520,"1,513",0.1513
62521,"33,453",3.3453
62522,"15,010",1.501
62523,800,0.08
62526,"30,572",3.0572
62530,"1,415",0.1415
62531,"1,892",0.1892
62532,64,0.0064
62533,788,0.0788
62534,"1,062",0.1062
62535,"3,856",0.3856
62536,741,0.0741
62537,329,0.0329
62538,471,0.0471
62539,"1,151",0.1151
62540,"1,186",0.1186
62541,46,0.0046
62543,652,0.0652
62544,"1,600",0.16
62545,"1,296",0.1296
62546,"1,564",0.1564
62547,767,0.0767
62548,"2,202",0.2202
62549,"6,684",0.6684
62550,"2,902",0.2902
62551,924,0.0924
62553,359,0.0359
62554,"1,727",0.1727
62555,"1,545",0.1545
62556,321,0.0321
62557,"7,002",0.7002
62558,"3,489",0.3489
62560,"1,408",0.1408
62561,"5,107",0.5107
62563,"5,759",0.5759
62565,"7,590",0.759
62567,899,0.0899
62568,"16,292",1.6292
62570,630,0.063
62571,"1,321",0.1321
62572,530,0.053
62573,"1,319",0.1319
62601,329,0.0329
62610,150,0.015
62611,"1,114",0.1114
62612,"1,482",0.1482
62613,"3,857",0.3857
62615,"5,490",0.549
62617,478,0.0478
62618,"7,318",0.7318
62621,"1,219",0.1219
62622,90,0.009
62624,266,0.0266
62625,874,0.0874
62626,"7,840",0.784
62627,"1,023",0.1023
62628,799,0.0799
62629,"15,245",1.5245
62630,686,0.0686
62631,294,0.0294
62633,603,0.0603
62634,984,0.0984
62635,671,0.0671
62638,"1,288",0.1288
62639,213,0.0213
62640,"3,273",0.3273
62642,"1,417",0.1417
62643,696,0.0696
62644,"4,690",0.469
62649,408,0.0408
62650,"24,627",2.4627
62655,719,0.0719
62656,"18,216",1.8216
62661,"1,477",0.1477
62663,185,0.0185
62664,"2,945",0.2945
62665,"1,361",0.1361
62666,517,0.0517
62667,560,0.056
62668,"1,322",0.1322
62670,"2,514",0.2514
62671,530,0.053
62672,150,0.015
62673,328,0.0328
62674,"1,398",0.1398
62675,"5,877",0.5877
62677,"2,176",0.2176
62681,"5,717",0.5717
62682,751,0.0751
62684,"5,669",0.5669
62685,"1,692",0.1692
62688,852,0.0852
62689,557,0.0557
62690,"3,830",0.383
62691,"2,355",0.2355
62692,"2,228",0.2228
62693,"1,805",0.1805
62694,"2,891",0.2891
62695,473,0.0473
62701,"1,078",0.1078
62702,"32,539",3.2539
62703,"28,809",2.8809
62704,"40,495",4.0495
62706,0,0
62707,"7,725",0.7725
62711,"17,759",1.7759
62712,"10,275",1.0275
62801,"19,976",1.9976
62803,"1,128",0.1128
62806,"3,316",0.3316
62807,832,0.0832
62808,"1,902",0.1902
62809,288,0.0288
62810,"1,032",0.1032
62811,256,0.0256
62812,"11,396",1.1396
62814,"1,782",0.1782
62815,280,0.028
62816,"1,104",0.1104
62817,573,0.0573
62818,409,0.0409
62819,267,0.0267
62820,133,0.0133
62821,"7,005",0.7005
62822,"2,597",0.2597
62823,"1,751",0.1751
62824,"1,865",0.1865
62825,243,0.0243
62827,"1,097",0.1097
62828,"1,359",0.1359
62829,128,0.0128
62830,"1,338",0.1338
62831,380,0.038
62832,"8,986",0.8986
62833,334,0.0334
62835,"1,325",0.1325
62836,913,0.0913
62837,"8,300",0.83
62838,"1,540",0.154
62839,"6,286",0.6286
62841,140,0.014
62842,673,0.0673
62843,90,0.009
62844,"2,002",0.2002
62846,"2,026",0.2026
62848,514,0.0514
62849,"2,039",0.2039
62850,627,0.0627
62851,247,0.0247
62852,132,0.0132
62853,998,0.0998
62854,"1,582",0.1582
62856,351,0.0351
62858,"3,343",0.3343
62859,"5,283",0.5283
62860,468,0.0468
62861,124,0.0124
62862,303,0.0303
62863,"9,519",0.9519
62864,"23,253",2.3253
62865,"1,894",0.1894
62867,485,0.0485
62868,"1,706",0.1706
62869,"2,729",0.2729
62870,"2,232",0.2232
62871,620,0.062
62872,"1,112",0.1112
62874,335,0.0335
62875,"1,235",0.1235
62876,135,0.0135
62877,441,0.0441
62878,250,0.025
62879,46,0.0046
62880,636,0.0636
62881,"10,995",1.0995
62882,"2,162",0.2162
62883,594,0.0594
62884,"2,809",0.2809
62885,369,0.0369
62886,390,0.039
62887,241,0.0241
62888,"1,893",0.1893
62889,"1,111",0.1111
62890,"2,338",0.2338
62891,700,0.07
62892,190,0.019
62893,927,0.0927
62894,841,0.0841
62895,"2,014",0.2014
62896,"10,959",1.0959
62897,530,0.053
62898,"1,955",0.1955
62899,"1,672",0.1672
62901,"23,178",2.3178
62902,"4,344",0.4344
62903,"2,585",0.2585
62905,583,0.0583
62906,"7,217",0.7217
62907,"1,873",0.1873
62908,443,0.0443
62910,"2,150",0.215
62912,"1,668",0.1668
62914,"1,880",0.188
62915,431,0.0431
62916,830,0.083
62917,"2,516",0.2516
62918,"10,844",1.0844
62919,731,0.0731
62920,"3,017",0.3017
62921,243,0.0243
62922,"2,824",0.2824
62923,404,0.0404
62924,"2,812",0.2812
62926,"2,167",0.2167
62927,299,0.0299
62928,71,0.0071
62930,"5,630",0.563
62931,"1,335",0.1335
62932,"1,238",0.1238
62933,"1,253",0.1253
62934,715,0.0715
62935,"2,200",0.22
62938,"2,874",0.2874
62939,"2,693",0.2693
62940,729,0.0729
62941,500,0.05
62942,565,0.0565
62943,312,0.0312
62946,"11,795",1.1795
62947,401,0.0401
62948,"12,679",1.2679
62949,770,0.077
62950,160,0.016
62951,"5,574",0.5574
62952,"3,050",0.305
62953,333,0.0333
62954,590,0.059
62956,"1,206",0.1206
62957,655,0.0655
62958,"2,091",0.2091
62959,"27,255",2.7255
62960,"10,719",1.0719
62961,45,0.0045
62962,0,0
62963,798,0.0798
62964,"1,170",0.117
62965,45,0.0045
62966,"14,198",1.4198
62967,344,0.0344
62969,342,0.0342
62970,405,0.0405
62972,"1,128",0.1128
62974,"1,523",0.1523
62975,169,0.0169
62976,351,0.0351
62977,632,0.0632
62979,948,0.0948
62982,"1,131",0.1131
62983,"1,521",0.1521
62984,"1,558",0.1558
62985,998,0.0998
62987,"1,788",0.1788
62988,"1,141",0.1141
62990,"1,155",0.1155
62992,718,0.0718
62994,697,0.0697
62995,"6,408",0.6408
62996,656,0.0656
62997,656,0.0656
62998,198,0.0198
62999,"1,520",0.152
